http://www.crystalinks.com/indusmap.gif	54477
http://www.awesomestories.com/images/user/a1acc09805.gif	54478
http://media.web.britannica.com/eb-media/92/89892-004-8C125732.gif	54479
http://1.bp.blogspot.com/_4m8Rz_zZlVQ/Sb3d-EDZTXI/AAAAAAAABwk/H8oLGg7H6ng/s400/the-indus-river0.gif	54480
http://ahmedalisabir.webs.com/photos/-SINDH/indus%20river%20map.jpg	54481
http://www.pakistanpaedia.com/land/indus_map.jpg	54482
http://www.worldatlas.com/webimage/countrys/menewriv.gif	54483
http://mrplasko-worldhistory.wikispaces.com/file/view/indus_map.gif/174271323/indus_map.gif	54484
http://0.tqn.com/d/geography/1/0/Y/3/in-150.gif	54485
http://downloads.bbc.co.uk/rmhttp/schools/primaryhistory/images/indus_valley/land_of_the_indus/i_map.gif	54486
http://www.wildlifeofpakistan.com/IntroductiontoPakistan/industributaries.jpg	54487
http://liamselig.wikispaces.com/file/view/pakistan-Moenjodaro-IndusValleyMap.gif/179186899/pakistan-Moenjodaro-IndusValleyMap.gif	54488
http://landmarkhs.org/news/archives/socialstudies/rivervalleys/indus_map.gif	54489
http://heindorffhus.motivsamler.dk/worldheritage/pakistan-Moenjodaro-IndusValleyMap.gif	54490
http://www.interiorholic.com/photos/industrial-style-interior-design-on-budget.jpg	54491
http://creativehomeidea.com/wp-content/uploads/481-greenwich-02-image-4.jpg	54492
http://styledhaven.com/wp-content/uploads/2011/12/industrial_vintage_chic_decor_interior_design_3.jpg	54493
http://www.lolalina.com/wp-content/uploads/2010/11/Picture-4.png	54494
http://style-files.com/images/loft375-1.jpg	54495
http://www.searchenginepeople.com/wp-content/uploads/2008/05/seo-lifecycle.jpg	54496
http://www.fairchildsemi.com/graphics/productLifeCycle.gif	54497
http://stock-chartist.com/wp-content/uploads/2012/01/Business-Life-Cycle-and-Stocks.jpg	54498
http://www-rohan.sdsu.edu/~renglish/370/notes/chapt11/life_cycle_01.gif	54499
http://graelaws.files.wordpress.com/2011/05/product_life_cycle.gif	54500
http://guidetobusinessplanning.com/images/372_013_Product_Life_Cycle.jpg	54501
http://www.amillioncanaries.com/wp-content/uploads/2011/03/IMG_3512.jpg	54502
http://www.centerations.com/images/BlueCenterpiecesCongratsCandies.png	54503
http://baby-shower-decoration-ideas.com/wp-content/uploads/2010/11/diapergame-300x297.png	54504
http://chella.typepad.com/.a/6a00d8341c019753ef01157219ec72970b-320wi	54505
http://babyshowergame-s.com/wp-content/uploads/2011/07/baby-shower-decoration-ideas1.jpg	54506
http://1.bp.blogspot.com/-fo5l32f5GbY/Tfnm8qpGVaI/AAAAAAAAA6w/dhP4DRvKSzg/s1600/Idea+for+Cute+Baby+Shower+Decoration+and+Theme-DuckyPic.jpg	54507
http://1.bp.blogspot.com/-eZkSG_u4Fjc/Tm_AUCJcNDI/AAAAAAAAEo4/0y3eRItaSbs/s1600/Mini-baby-diaper-rolls-shower-centerpiece-decorations.JPG	54508
http://www.partyideashub.com/wp-content/uploads/2011/09/cheap-party-decorations-baby-shower-party-kit.jpg	54509
http://www.thebabyclassifieds.com/wp-content/uploads/baby%20shower%20favors%20cheap.jpg	54510
http://www.decorationideas.org/wp-content/uploads/2011/01/baby-shower-decorative-clothesline-300x206.jpg	54511
http://www.everyhomes.net/wp-content/uploads/2011/08/Baby-Shower-Decorations-2.jpg	54512
http://www.chiccheapnursery.com/wp-content/uploads/2010/08/TraciesShower-51.jpg	54513
http://i295.photobucket.com/albums/mm121/almostmrskate/papercarnations.jpg	54514
http://3.bp.blogspot.com/_VeotqRlNeRA/S8xtoxVZSWI/AAAAAAAAATg/frT0nsXh4NE/s1600/Baby+Shower+pins.jpg	54515
http://www.primoclipart.com/files/preview/big/854/Stork%20With%20Baby%20Girl%20Clip%20Art%20Cartoon.jpg	54516
http://www.clker.com/cliparts/3/b/q/s/1/8/baby-hi.png	54517
http://www.free-vectorart.com/wp-content/uploads/2011/06/Animated-Baby-Clip-Art.jpg	54518
http://www.clker.com/cliparts/1/a/f/5/119714836747695905kotik_baby_02.svg.hi.png	54519
http://4photos.net/photosv2/free_baby_boy_backgrounds_1277972632.jpg	54520
http://www.wpclipart.com/people/baby/baby_3/baby_girl_sitting.png	54521
http://www.puffpieces.com.au/wp-content/uploads/2010/09/baby-cartoon-clipart.jpg	54522
http://us.123rf.com/400wm/400/400/mkoudis/mkoudis0909/mkoudis090900016/5545081-einen-baby-jungen-mit-schnuller-decke-und-teddy-bear.jpg	54523
http://0.tqn.com/d/graphicssoft/1/0/i/N/5/psptubez_dot_com_009.png	54524
http://users2.ml.mindenkilapja.hu/users/winnie-the-pooh/uploads/BabyPooh.jpg	54525
http://i27.photobucket.com/albums/c171/Waco_angel/BABY.jpg	54526
http://www.arthursclipart.org/children/babiesbw/mother.gif	54527
http://www.auslavender.com.au/images/babymassage_01.jpg	54528
http://www.healthspablog.org/wp-content/uploads/2009/11/baby-massag-and-baby-care.jpg	54529
http://www.downsyndromecentre.ie/m/uploads/images/blog/baby_massage_feet.jpg	54530
http://www.bfrc.ca/images/baby-massage.jpg	54531
http://i168.photobucket.com/albums/u168/arynthefox/spiderbite.jpg	54532
http://www.skinsight.com/info/files/image_upload/bbospider%20bite_55123.jpg	54533
http://worldprosurfers.files.wordpress.com/2008/07/pic3a-snakey.jpg	54534
http://images2.cafemom.com/images/user/gallery/post_369221_1215873385_med.jpg?imageId=8035707	54535
http://portishead.waspkilluk.co.uk/Insect-Bite.gif	54536
http://www.thedoctorstv.com/photos/0018/0688/000_9894.jpg?1249390606	54537
http://picturesofinsectbites.com/images/insect_bite_5.jpg	54538
http://www.badspiderbites.com/images/insect-bites-s2.jpg	54539
http://www.stanford.edu/class/humbio103/ParaSites2006/Cercarial_Dermatitis/Cercarial_Dermatitis_5_030629.jpg	54540
http://0.tqn.com/d/firstaid/1/0/w/C/-/-/blisters_T_Critchley.jpg	54541
http://0.tqn.com/d/firstaid/1/7/w/C/-/-/blisters_T_Critchley.jpg	54542
http://picturesofinsectbites.com/images/insect_bite_2.jpg	54543
http://www.ispub.com/ispub/ijem/volume_2_number_2_15/a_case_of_mortal_necrotizing_fasciitis_of_the_trunk_resulting_from_a_centipede_scolopendra_moritans_bite/centipede-fig2a.jpg	54544
http://images2.cafemom.com/images/user/gallery/post_369221_1215873278_med.jpg?imageId=8035684	54545
http://mattressvancouver.files.wordpress.com/2010/01/bed_bug_11.jpg	54546
http://2.bp.blogspot.com/-ZwPTXsltfTI/TkLv-zJ2BDI/AAAAAAAABqM/9XcsLsmARS0/s1600/webmd_rm_photo_of_spiderbite_and_mrsa.jpg	54547
http://s3.hubimg.com/u/1486962_f520.jpg	54548
http://s4.hubimg.com/u/3230975_f260.jpg	54549
http://3.bp.blogspot.com/_W5n0SlUVxDQ/Sss9xQwIvGI/AAAAAAAAADU/yNQkSfuhBkg/s320/infective+endocarditis.jpg	54550
http://news.consumerreports.org/2013-Infiniti-JX-pr-interior.jpg	54551
http://www.suvtracker.com/wp-content/uploads/2011/08/2013-infiniti-jx-crossover-spy-shot-interior.jpg	54552
http://www.automotiveaddicts.com/wp-content/uploads/2011/08/2011-Infiniti-JX-Concept-1.jpg	54553
http://www.roadflytv.com/video/wp-content/uploads/2012/03/2013_Infiniti_JX_SUV_Charlie_Romero.jpg	54554
http://images.ibsrv.net/ibsrv/res/src:www.outblush.com/get/women/images/2011/07/infinity-ring-lg.jpg	54555
http://artinu.com/rings/infinity-symbol-ring.jpg	54556
http://ep.yimg.com/ca/I/silvercorner_2108_6941615	54557
http://www.elizabetajewelry.com/assets/products/576/large/beverleyk-625-diamond-ring.jpg?1283686868	54558
http://www.jewelryred.com/images/1/Tiffany-Infinity-ring.jpg	54559
http://ringoblog.com/wp-content/uploads/2010/07/diamond-infinity-ring.jpg	54560
http://www.sziro.com/productimages/j-sziro-2/display/S4328SS_1.jpg	54561
http://goldringsite.com/_cache/Rings/img/amazon_B004VFZ6FE.jpg	54562
http://www.unique-wedding-rings.com/wp-content/uploads/10k-White-Gold-Diamond-Infinity-Twist-Ring.jpg	54563
http://jewelrybrief.com/content/wp-content/uploads/2010/08/Infinity-Wedding-Bands-1.jpg	54564
http://pepl.imageg.net/graphics/product_images/pZALEPEPL1-8371698t400.jpg	54565
http://www.recycledbride.com/uploads/listing/33/33107/womens_infinity_wedding_band_475_rings_32644_view1.jpg	54566
http://best-jewelrydiamond.com/wp-content/uploads/2012/01/e2e73_infinity_ring_4169WDNldGL._SL160_.jpg	54567
http://www.celticweddingringking.com/images/WEDZ163s.gif	54568
http://ringoblog.com/wp-content/uploads/2009/01/42433-in-dl-thumb.jpg	54569
http://www.swimming-pools.co.nz/imager.php?img=gallery_image_0099.jpg&resizer=max&dimension=480	54570
http://www.poolboypools.com/Swimming%20pool%20Concepts/Infinity%20pool2.jpg	54571
http://designbeep.designbeep.netdna-cdn.com/wp-content/uploads/2010/08/8.infinity-swimming-pool-photos.jpg	54572
http://www.technologypools.co.uk/wp-content/uploads/2011/07/01_Gallery-101.jpg	54573
http://www.jetplane.co.uk/images/rent_villa_spain_pool_edge_large.jpg	54574
http://goodpoolstuff.files.wordpress.com/2009/12/garden_infinity.jpg	54575
http://www.greenscenelandscape.com/images/GhauriPool.jpg	54576
